{"cameraMode":{"drawMode":0,"name":"Shaded","section":"Shading Mode"},"sceneLighting":false,"audioPlay":false,"sceneViewState":{"m_AlwaysRefresh":false,"showFog":true,"showSkybox":false,"showFlares":true,"showImageEffects":true,"showParticleSystems":true,"showVisualEffectGraphs":true,"m_FxEnabled":true},"in2DMode":false,"pivot":{"x":-0.010551214218139649,"y":0.3520124554634094,"z":0.008550167083740235},"rotation":{"x":-0.05751946568489075,"y":0.9283469915390015,"z":-0.1617261916399002,"w":-0.32980313897132876},"size":3.2680039405822756,"orthographic":false}