{"cameraMode":{"drawMode":0,"name":"Shaded","section":"Shading Mode"},"sceneLighting":true,"audioPlay":false,"sceneViewState":{"m_AlwaysRefresh":false,"showFog":true,"showSkybox":true,"showFlares":true,"showImageEffects":true,"showParticleSystems":true,"showVisualEffectGraphs":true,"m_FxEnabled":true},"in2DMode":false,"pivot":{"x":29.164602279663087,"y":8.352938652038575,"z":1.4696398973464966},"rotation":{"x":-0.4825027287006378,"y":0.5155074596405029,"z":-0.46824365854263308,"w":-0.5311923623085022},"size":1.7449195384979249,"orthographic":true}