{"cameraMode":{"drawMode":0,"name":"Shaded","section":"Shading Mode"},"sceneLighting":true,"audioPlay":false,"sceneViewState":{"m_AlwaysRefresh":false,"showFog":true,"showSkybox":true,"showFlares":true,"showImageEffects":true,"showParticleSystems":true,"showVisualEffectGraphs":true,"m_FxEnabled":true},"in2DMode":false,"pivot":{"x":47.75471496582031,"y":17.254064559936525,"z":1.9570101499557496},"rotation":{"x":0.009760106913745404,"y":0.9848898649215698,"z":-0.16247989237308503,"w":0.05916475132107735},"size":2.534782886505127,"orthographic":true}