{"cameraMode":{"drawMode":0,"name":"Shaded","section":"Shading Mode"},"sceneLighting":false,"audioPlay":false,"sceneViewState":{"m_AlwaysRefresh":false,"showFog":true,"showSkybox":true,"showFlares":true,"showImageEffects":true,"showParticleSystems":true,"showVisualEffectGraphs":true,"m_FxEnabled":true},"in2DMode":false,"pivot":{"x":3.6804800033569338,"y":-2.3476450443267824,"z":-3.4269542694091799},"rotation":{"x":-0.06800505518913269,"y":0.8882489204406738,"z":-0.1396988034248352,"w":-0.43235498666763308},"size":0.6081726551055908,"orthographic":false}