{"cameraMode":{"drawMode":0,"name":"Shaded","section":"Shading Mode"},"sceneLighting":true,"audioPlay":false,"sceneViewState":{"m_AlwaysRefresh":false,"showFog":true,"showSkybox":true,"showFlares":true,"showImageEffects":true,"showParticleSystems":true,"showVisualEffectGraphs":true,"m_FxEnabled":true},"in2DMode":false,"pivot":{"x":7.21451997756958,"y":40.675559997558597,"z":7.643156051635742},"rotation":{"x":-0.062214694917201999,"y":0.15328393876552583,"z":-0.009655972942709923,"w":-0.9861964583396912},"size":7.479185581207275,"orthographic":false}