{"cameraMode":{"drawMode":0,"name":"Shaded","section":"Shading Mode"},"sceneLighting":true,"audioPlay":false,"sceneViewState":{"m_AlwaysRefresh":false,"showFog":true,"showSkybox":true,"showFlares":true,"showImageEffects":true,"showParticleSystems":true,"showVisualEffectGraphs":true,"m_FxEnabled":true},"in2DMode":false,"pivot":{"x":-29.99485969543457,"y":-26.938758850097658,"z":27.240453720092775},"rotation":{"x":0.029153596609830858,"y":0.7961840033531189,"z":-0.03848564624786377,"w":0.6031249165534973},"size":2.5931389331817629,"orthographic":false}