{"cameraMode":{"drawMode":0,"name":"Shaded","section":"Shading Mode"},"sceneLighting":false,"audioPlay":false,"sceneViewState":{"m_AlwaysRefresh":false,"showFog":true,"showSkybox":true,"showFlares":true,"showImageEffects":true,"showParticleSystems":true,"showVisualEffectGraphs":true,"m_FxEnabled":true},"in2DMode":false,"pivot":{"x":-30.868785858154298,"y":-28.903827667236329,"z":23.441381454467775},"rotation":{"x":0.3406839370727539,"y":-0.5173515677452087,"z":0.23531678318977357,"w":0.7489480376243591},"size":2.0140700340270998,"orthographic":false}