{"cameraMode":{"drawMode":0,"name":"Shaded","section":"Shading Mode"},"sceneLighting":true,"audioPlay":false,"sceneViewState":{"m_AlwaysRefresh":false,"showFog":true,"showSkybox":true,"showFlares":true,"showImageEffects":true,"showParticleSystems":true,"showVisualEffectGraphs":true,"m_FxEnabled":true},"in2DMode":false,"pivot":{"x":-0.8825960159301758,"y":1.416886329650879,"z":-1.1022822856903077},"rotation":{"x":0.05511843040585518,"y":-0.9346722364425659,"z":0.16660521924495698,"w":0.30920282006263735},"size":2.9643895626068117,"orthographic":false}