{"cameraMode":{"drawMode":0,"name":"Shaded","section":"Shading Mode"},"sceneLighting":false,"audioPlay":false,"sceneViewState":{"m_AlwaysRefresh":false,"showFog":true,"showSkybox":true,"showFlares":true,"showImageEffects":true,"showParticleSystems":true,"showVisualEffectGraphs":true,"m_FxEnabled":true},"in2DMode":false,"pivot":{"x":-0.1530439853668213,"y":-3.399163246154785,"z":0.6707377433776856},"rotation":{"x":0.037856630980968478,"y":0.9397377371788025,"z":-0.32125118374824526,"w":0.11073483526706696},"size":1.210808515548706,"orthographic":false}