{"cameraMode":{"drawMode":0,"name":"Shaded","section":"Shading Mode"},"sceneLighting":true,"audioPlay":false,"sceneViewState":{"m_AlwaysRefresh":false,"showFog":true,"showSkybox":true,"showFlares":true,"showImageEffects":true,"showParticleSystems":true,"showVisualEffectGraphs":true,"m_FxEnabled":true},"in2DMode":false,"pivot":{"x":6.480999946594238,"y":-8.35200023651123,"z":2.1600000858306886},"rotation":{"x":0.25498825311660769,"y":-0.057979412376880649,"z":0.015316576696932316,"w":0.9650872945785523},"size":1.2469183206558228,"orthographic":false}