{"cameraMode":{"drawMode":0,"name":"Shaded","section":"Shading Mode"},"sceneLighting":false,"audioPlay":false,"sceneViewState":{"m_AlwaysRefresh":false,"showFog":true,"showSkybox":true,"showFlares":true,"showImageEffects":true,"showParticleSystems":true,"showVisualEffectGraphs":true,"m_FxEnabled":true},"in2DMode":false,"pivot":{"x":10.993989944458008,"y":0.3691190481185913,"z":4.438686370849609},"rotation":{"x":0.1464097797870636,"y":-0.35428616404533389,"z":0.056279368698596957,"w":0.9219170212745667},"size":2.193187952041626,"orthographic":false}