{"cameraMode":{"drawMode":0,"name":"Shaded","section":"Shading Mode"},"sceneLighting":true,"audioPlay":false,"sceneViewState":{"m_AlwaysRefresh":false,"showFog":true,"showSkybox":true,"showFlares":true,"showImageEffects":true,"showParticleSystems":true,"showVisualEffectGraphs":true,"m_FxEnabled":true},"in2DMode":false,"pivot":{"x":-0.9987703561782837,"y":-5.3333330154418949,"z":4.107444763183594},"rotation":{"x":-0.023684129118919374,"y":0.9748633503913879,"z":-0.18132483959197999,"w":-0.12734130024909974},"size":0.8660253882408142,"orthographic":false}