{"cameraMode":{"drawMode":0,"name":"Shaded","section":"Shading Mode"},"sceneLighting":true,"audioPlay":false,"sceneViewState":{"m_AlwaysRefresh":false,"showFog":true,"showSkybox":true,"showFlares":true,"showImageEffects":true,"showParticleSystems":true,"showVisualEffectGraphs":true,"m_FxEnabled":true},"in2DMode":false,"pivot":{"x":-10.656000137329102,"y":-4.361000061035156,"z":13.97599983215332},"rotation":{"x":0.1935359090566635,"y":-0.21093299984931947,"z":0.042648471891880038,"w":0.9572004079818726},"size":1.5261443853378297,"orthographic":false}