{"cameraMode":{"drawMode":0,"name":"Shaded","section":"Shading Mode"},"sceneLighting":false,"audioPlay":false,"sceneViewState":{"m_AlwaysRefresh":false,"showFog":true,"showSkybox":true,"showFlares":true,"showImageEffects":true,"showParticleSystems":true,"showVisualEffectGraphs":true,"m_FxEnabled":true},"in2DMode":false,"pivot":{"x":12.245748519897461,"y":0.5453821420669556,"z":4.246498107910156},"rotation":{"x":0.030716300010681154,"y":0.9692299962043762,"z":-0.17787271738052369,"w":0.1673729568719864},"size":1.559972882270813,"orthographic":false}