{"cameraMode":{"drawMode":0,"name":"Shaded","section":"Shading Mode"},"sceneLighting":true,"audioPlay":false,"sceneViewState":{"m_AlwaysRefresh":false,"showFog":true,"showSkybox":true,"showFlares":true,"showImageEffects":true,"showParticleSystems":true,"showVisualEffectGraphs":true,"m_FxEnabled":true},"in2DMode":false,"pivot":{"x":-13.045614242553711,"y":-5.4915008544921879,"z":22.289012908935548},"rotation":{"x":0.051076728850603107,"y":-0.9044378399848938,"z":0.11318803578615189,"w":0.40813323855400088},"size":0.18790246546268464,"orthographic":false}