{"cameraMode":{"drawMode":0,"name":"Shaded","section":"Shading Mode"},"sceneLighting":true,"audioPlay":false,"sceneViewState":{"m_AlwaysRefresh":false,"showFog":true,"showSkybox":true,"showFlares":true,"showImageEffects":true,"showParticleSystems":true,"showVisualEffectGraphs":true,"m_FxEnabled":true},"in2DMode":false,"pivot":{"x":13.38466739654541,"y":0.4870092272758484,"z":6.019253730773926},"rotation":{"x":0.054040901362895969,"y":-0.7050384879112244,"z":0.05404086410999298,"w":0.7050384283065796},"size":1.6965621709823609,"orthographic":false}