{"cameraMode":{"drawMode":0,"name":"Shaded","section":"Shading Mode"},"sceneLighting":true,"audioPlay":false,"sceneViewState":{"m_AlwaysRefresh":false,"showFog":true,"showSkybox":true,"showFlares":true,"showImageEffects":true,"showParticleSystems":true,"showVisualEffectGraphs":true,"m_FxEnabled":true},"in2DMode":false,"pivot":{"x":46.109046936035159,"y":18.33441162109375,"z":2.605456829071045},"rotation":{"x":0.04321647435426712,"y":-0.9458741545677185,"z":0.14150333404541017,"w":0.2888635993003845},"size":3.9980340003967287,"orthographic":false}