{"cameraMode":{"drawMode":0,"name":"Shaded","section":"Shading Mode"},"sceneLighting":true,"audioPlay":false,"sceneViewState":{"m_AlwaysRefresh":false,"showFog":true,"showSkybox":true,"showFlares":true,"showImageEffects":true,"showParticleSystems":true,"showVisualEffectGraphs":true,"m_FxEnabled":true},"in2DMode":false,"pivot":{"x":43.134037017822269,"y":13.238384246826172,"z":-0.3961068391799927},"rotation":{"x":0.008247255347669125,"y":-0.9861486554145813,"z":0.1575244814157486,"w":0.051530253142118457},"size":2.246492862701416,"orthographic":true}